../Datasets/AR/Training/man26/m-026-9.pgm;0
../Datasets/AR/Training/man26/m-026-10.pgm;0
../Datasets/AR/Training/man67/m-067-20.pgm;1
../Datasets/AR/Training/man67/m-067-15.pgm;1
../Datasets/AR/Training/man64/m-064-11.pgm;2
../Datasets/AR/Training/woman58/w-058-23.pgm;3
../Datasets/AR/Training/woman58/w-058-7.pgm;3
../Datasets/AR/Training/man28/m-028-13.pgm;4
../Datasets/AR/Training/woman35/w-035-7.pgm;5
../Datasets/AR/Training/woman35/w-035-5.pgm;5
../Datasets/AR/Training/man56/m-056-7.pgm;6
../Datasets/AR/Training/man56/m-056-18.pgm;6
../Datasets/AR/Training/man71/m-071-15.pgm;7
../Datasets/AR/Training/woman17/w-017-26.pgm;8
../Datasets/AR/Training/woman17/w-017-14.pgm;8
../Datasets/AR/Training/man19/m-019-15.pgm;9
../Datasets/AR/Training/man19/m-019-4.pgm;9
../Datasets/AR/Training/woman19/w-019-9.pgm;10
../Datasets/AR/Training/woman19/w-019-20.pgm;10
../Datasets/AR/Training/man07/m-007-23.pgm;11
../Datasets/AR/Training/man07/m-007-24.pgm;11
../Datasets/AR/Training/woman44/w-044-3.pgm;12
../Datasets/AR/Training/woman44/w-044-17.pgm;12
../Datasets/AR/Training/woman59/w-059-16.pgm;13
../Datasets/AR/Training/woman59/w-059-15.pgm;13
../Datasets/AR/Training/woman48/w-048-14.pgm;14
../Datasets/AR/Training/woman48/w-048-9.pgm;14
../Datasets/AR/Training/man49/m-049-10.pgm;15
../Datasets/AR/Training/man49/m-049-11.pgm;15
../Datasets/AR/Training/woman30/w-030-24.pgm;16
../Datasets/AR/Training/woman30/w-030-2.pgm;16
../Datasets/AR/Training/man02/m-002-22.pgm;17
../Datasets/AR/Training/man02/m-002-26.pgm;17
../Datasets/AR/Training/woman34/w-034-16.pgm;18
../Datasets/AR/Training/woman34/w-034-21.pgm;18
../Datasets/AR/Training/woman01/w-001-3.pgm;19
../Datasets/AR/Training/woman56/w-056-7.pgm;20
../Datasets/AR/Training/man14/m-014-25.pgm;21
../Datasets/AR/Training/man14/m-014-10.pgm;21
../Datasets/AR/Training/man72/m-072-3.pgm;22
../Datasets/AR/Training/man72/m-072-11.pgm;22
../Datasets/AR/Training/man51/m-051-12.pgm;23
../Datasets/AR/Training/man51/m-051-7.pgm;23
../Datasets/AR/Training/woman15/w-015-2.pgm;24
../Datasets/AR/Training/woman15/w-015-19.pgm;24
../Datasets/AR/Training/man01/m-001-11.pgm;25
../Datasets/AR/Training/man01/m-001-6.pgm;25
../Datasets/AR/Training/man36/m-036-5.pgm;26
../Datasets/AR/Training/man36/m-036-23.pgm;26
../Datasets/AR/Training/woman33/w-033-25.pgm;27
../Datasets/AR/Training/woman33/w-033-14.pgm;27
../Datasets/AR/Training/man24/m-024-9.pgm;28
../Datasets/AR/Training/woman02/w-002-13.pgm;29
../Datasets/AR/Training/woman02/w-002-14.pgm;29
../Datasets/AR/Training/man34/m-034-8.pgm;30
../Datasets/AR/Training/man34/m-034-13.pgm;30
../Datasets/AR/Training/man12/m-012-26.pgm;31
../Datasets/AR/Training/man12/m-012-4.pgm;31
../Datasets/AR/Training/man15/m-015-9.pgm;32
../Datasets/AR/Training/man15/m-015-12.pgm;32
../Datasets/AR/Training/woman57/w-057-24.pgm;33
../Datasets/AR/Training/woman57/w-057-19.pgm;33
../Datasets/AR/Training/man73/m-073-11.pgm;34
../Datasets/AR/Training/man73/m-073-9.pgm;34
../Datasets/AR/Training/woman46/w-046-25.pgm;35
../Datasets/AR/Training/woman46/w-046-22.pgm;35
../Datasets/AR/Training/man65/m-065-7.pgm;36
../Datasets/AR/Training/man65/m-065-8.pgm;36
../Datasets/AR/Training/man21/m-021-16.pgm;37
../Datasets/AR/Training/man21/m-021-26.pgm;37
../Datasets/AR/Training/man27/m-027-24.pgm;38
../Datasets/AR/Training/man27/m-027-16.pgm;38
../Datasets/AR/Training/man57/m-057-5.pgm;39
../Datasets/AR/Training/woman50/w-050-9.pgm;40
../Datasets/AR/Training/woman50/w-050-8.pgm;40
../Datasets/AR/Training/woman53/w-053-3.pgm;41
../Datasets/AR/Training/woman53/w-053-23.pgm;41
../Datasets/AR/Training/woman14/w-014-26.pgm;42
../Datasets/AR/Training/woman14/w-014-18.pgm;42
../Datasets/AR/Training/man29/m-029-1.pgm;43
../Datasets/AR/Training/woman43/w-043-1.pgm;44
../Datasets/AR/Training/woman43/w-043-8.pgm;44
../Datasets/AR/Training/man47/m-047-19.pgm;45
../Datasets/AR/Training/man47/m-047-3.pgm;45
../Datasets/AR/Training/man39/m-039-17.pgm;46
../Datasets/AR/Training/man39/m-039-15.pgm;46
../Datasets/AR/Training/woman16/w-016-26.pgm;47
../Datasets/AR/Training/woman16/w-016-19.pgm;47
../Datasets/AR/Training/woman37/w-037-6.pgm;48
../Datasets/AR/Training/woman37/w-037-11.pgm;48
../Datasets/AR/Training/woman27/w-027-10.pgm;49
../Datasets/AR/Training/woman27/w-027-9.pgm;49
../Datasets/AR/Training/man69/m-069-23.pgm;50
../Datasets/AR/Training/man69/m-069-6.pgm;50
../Datasets/AR/Training/woman10/w-010-8.pgm;51
../Datasets/AR/Training/woman10/w-010-10.pgm;51
../Datasets/AR/Training/man35/m-035-7.pgm;52
../Datasets/AR/Training/man08/m-008-10.pgm;53
../Datasets/AR/Training/man08/m-008-23.pgm;53
../Datasets/AR/Training/man70/m-070-5.pgm;54
../Datasets/AR/Training/man70/m-070-1.pgm;54
../Datasets/AR/Training/man55/m-055-14.pgm;55
../Datasets/AR/Training/man55/m-055-18.pgm;55
../Datasets/AR/Training/woman22/w-022-12.pgm;56
../Datasets/AR/Training/woman22/w-022-16.pgm;56
../Datasets/AR/Training/man05/m-005-14.pgm;57
../Datasets/AR/Training/man05/m-005-26.pgm;57
../Datasets/AR/Training/woman11/w-011-26.pgm;58
../Datasets/AR/Training/woman11/w-011-13.pgm;58
../Datasets/AR/Training/man50/m-050-5.pgm;59
../Datasets/AR/Training/man04/m-004-10.pgm;60
../Datasets/AR/Training/man04/m-004-14.pgm;60
../Datasets/AR/Training/woman13/w-013-18.pgm;61
../Datasets/AR/Training/woman13/w-013-19.pgm;61
../Datasets/AR/Training/woman41/w-041-13.pgm;62
../Datasets/AR/Training/woman41/w-041-21.pgm;62
../Datasets/AR/Training/man30/m-030-3.pgm;63
../Datasets/AR/Training/man30/m-030-6.pgm;63
../Datasets/AR/Training/woman07/w-007-10.pgm;64
../Datasets/AR/Training/woman07/w-007-1.pgm;64
../Datasets/AR/Training/man54/m-054-4.pgm;65
../Datasets/AR/Training/man54/m-054-1.pgm;65
../Datasets/AR/Training/woman05/w-005-7.pgm;66
../Datasets/AR/Training/woman05/w-005-11.pgm;66
../Datasets/AR/Training/woman23/w-023-10.pgm;67
../Datasets/AR/Training/woman23/w-023-19.pgm;67
../Datasets/AR/Training/man31/m-031-13.pgm;68
../Datasets/AR/Training/man31/m-031-2.pgm;68
../Datasets/AR/Training/woman60/w-060-3.pgm;69
../Datasets/AR/Training/woman60/w-060-26.pgm;69
../Datasets/AR/Training/man66/m-066-8.pgm;70
../Datasets/AR/Training/man66/m-066-16.pgm;70
../Datasets/AR/Training/man53/m-053-22.pgm;71
../Datasets/AR/Training/man53/m-053-11.pgm;71
../Datasets/AR/Training/woman31/w-031-26.pgm;72
../Datasets/AR/Training/woman31/w-031-22.pgm;72
../Datasets/AR/Training/man40/m-040-21.pgm;73
../Datasets/AR/Training/man40/m-040-20.pgm;73
../Datasets/AR/Training/man52/m-052-10.pgm;74
../Datasets/AR/Training/man52/m-052-26.pgm;74
../Datasets/AR/Training/man09/m-009-11.pgm;75
../Datasets/AR/Training/man09/m-009-12.pgm;75
../Datasets/AR/Training/man68/m-068-9.pgm;76
../Datasets/AR/Training/man60/m-060-11.pgm;77
../Datasets/AR/Training/man60/m-060-14.pgm;77
../Datasets/AR/Training/man44/m-044-15.pgm;78
../Datasets/AR/Training/man44/m-044-26.pgm;78
../Datasets/AR/Training/man32/m-032-22.pgm;79
../Datasets/AR/Training/man32/m-032-19.pgm;79
../Datasets/AR/Training/man76/m-076-6.pgm;81
../Datasets/AR/Training/man76/m-076-3.pgm;81
../Datasets/AR/Training/man48/m-048-13.pgm;82
../Datasets/AR/Training/man48/m-048-9.pgm;82
../Datasets/AR/Training/woman26/w-026-14.pgm;83
../Datasets/AR/Training/woman26/w-026-11.pgm;83
../Datasets/AR/Training/man43/m-043-5.pgm;84
../Datasets/AR/Training/man43/m-043-26.pgm;84
../Datasets/AR/Training/woman18/w-018-20.pgm;85
../Datasets/AR/Training/woman18/w-018-1.pgm;85
../Datasets/AR/Training/man61/m-061-7.pgm;86
../Datasets/AR/Training/man61/m-061-24.pgm;86
../Datasets/AR/Training/woman36/w-036-17.pgm;87
../Datasets/AR/Training/woman36/w-036-9.pgm;87
../Datasets/AR/Training/woman42/w-042-19.pgm;88
../Datasets/AR/Training/woman42/w-042-2.pgm;88
../Datasets/AR/Training/woman51/w-051-4.pgm;89
../Datasets/AR/Training/woman51/w-051-10.pgm;89
../Datasets/AR/Training/man06/m-006-19.pgm;90
../Datasets/AR/Training/man06/m-006-14.pgm;90
../Datasets/AR/Training/man23/m-023-12.pgm;91
../Datasets/AR/Training/man23/m-023-19.pgm;91
../Datasets/AR/Training/man46/m-046-15.pgm;92
../Datasets/AR/Training/man46/m-046-16.pgm;92
../Datasets/AR/Training/man33/m-033-22.pgm;93
../Datasets/AR/Training/man33/m-033-6.pgm;93
../Datasets/AR/Training/man42/m-042-20.pgm;94
../Datasets/AR/Training/man42/m-042-16.pgm;94
../Datasets/AR/Training/man10/m-010-12.pgm;95
../Datasets/AR/Training/man10/m-010-9.pgm;95
../Datasets/AR/Training/man37/m-037-9.pgm;96
../Datasets/AR/Training/man37/m-037-2.pgm;96
../Datasets/AR/Training/woman55/w-055-11.pgm;97
../Datasets/AR/Training/woman55/w-055-20.pgm;97
../Datasets/AR/Training/man38/m-038-16.pgm;98
../Datasets/AR/Training/man38/m-038-14.pgm;98
../Datasets/AR/Training/man18/m-018-11.pgm;99
../Datasets/AR/Training/man18/m-018-26.pgm;99
../Datasets/AR/Training/woman52/w-052-5.pgm;100
../Datasets/AR/Training/woman52/w-052-9.pgm;100
../Datasets/AR/Training/woman32/w-032-12.pgm;101
../Datasets/AR/Training/woman32/w-032-10.pgm;101
../Datasets/AR/Training/woman38/w-038-18.pgm;102
../Datasets/AR/Training/woman38/w-038-8.pgm;102
../Datasets/AR/Training/woman54/w-054-6.pgm;103
../Datasets/AR/Training/woman54/w-054-21.pgm;103
../Datasets/AR/Training/woman45/w-045-22.pgm;104
../Datasets/AR/Training/woman45/w-045-17.pgm;104
../Datasets/AR/Training/woman40/w-040-8.pgm;105
../Datasets/AR/Training/woman40/w-040-13.pgm;105
../Datasets/AR/Training/man13/m-013-20.pgm;106
../Datasets/AR/Training/man13/m-013-25.pgm;106
../Datasets/AR/Training/man41/m-041-3.pgm;107
../Datasets/AR/Training/man41/m-041-13.pgm;107
../Datasets/AR/Training/man25/m-025-16.pgm;108
../Datasets/AR/Training/man25/m-025-18.pgm;108
../Datasets/AR/Training/woman39/w-039-10.pgm;109
../Datasets/AR/Training/woman39/w-039-6.pgm;109
../Datasets/AR/Training/man11/m-011-7.pgm;110
../Datasets/AR/Training/man59/m-059-26.pgm;111
../Datasets/AR/Training/man59/m-059-4.pgm;111
../Datasets/AR/Training/man74/m-074-2.pgm;112
../Datasets/AR/Training/man74/m-074-20.pgm;112
../Datasets/AR/Training/man20/m-020-7.pgm;113
../Datasets/AR/Training/man20/m-020-16.pgm;113
../Datasets/AR/Training/woman12/w-012-25.pgm;114
../Datasets/AR/Training/woman12/w-012-13.pgm;114
../Datasets/AR/Training/woman03/w-003-11.pgm;115
../Datasets/AR/Training/woman03/w-003-10.pgm;115
../Datasets/AR/Training/man17/m-017-22.pgm;116
../Datasets/AR/Training/man17/m-017-7.pgm;116
../Datasets/AR/Training/woman49/w-049-8.pgm;117
../Datasets/AR/Training/woman09/w-009-22.pgm;118
../Datasets/AR/Training/woman09/w-009-15.pgm;118
../Datasets/AR/Training/woman28/w-028-9.pgm;119
../Datasets/AR/Training/woman28/w-028-22.pgm;119
../Datasets/AR/Training/woman04/w-004-5.pgm;120
../Datasets/AR/Training/woman04/w-004-21.pgm;120
../Datasets/AR/Training/woman20/w-020-3.pgm;121
../Datasets/AR/Training/woman20/w-020-8.pgm;121
../Datasets/AR/Training/man03/m-003-15.pgm;122
../Datasets/AR/Training/man03/m-003-6.pgm;122
../Datasets/AR/Training/man63/m-063-8.pgm;123
../Datasets/AR/Training/woman24/w-024-10.pgm;124
../Datasets/AR/Training/woman24/w-024-17.pgm;124
../Datasets/AR/Training/man75/m-075-25.pgm;125
../Datasets/AR/Training/man75/m-075-6.pgm;125
../Datasets/AR/Training/man16/m-016-1.pgm;126
../Datasets/AR/Training/man16/m-016-15.pgm;126
../Datasets/AR/Training/man58/m-058-5.pgm;127
../Datasets/AR/Training/man58/m-058-23.pgm;127
../Datasets/AR/Training/woman47/w-047-1.pgm;128
../Datasets/AR/Training/man62/m-062-5.pgm;129
../Datasets/AR/Training/man45/m-045-18.pgm;130
../Datasets/AR/Training/man45/m-045-17.pgm;130
../Datasets/AR/Training/man22/m-022-18.pgm;131
../Datasets/AR/Training/man22/m-022-6.pgm;131
../Datasets/AR/Training/woman25/w-025-1.pgm;132
../Datasets/AR/Training/woman25/w-025-3.pgm;132
../Datasets/AR/Training/woman08/w-008-6.pgm;133
../Datasets/AR/Training/woman08/w-008-11.pgm;133
../Datasets/AR/Training/woman21/w-021-4.pgm;134
../Datasets/AR/Training/woman21/w-021-14.pgm;134
../Datasets/AR/Training/woman29/w-029-6.pgm;135
../Datasets/AR/Training/woman29/w-029-5.pgm;135
