../Datasets/AR/Training/man26/m-026-21.pgm;0
../Datasets/AR/Training/man26/m-026-22.pgm;0
../Datasets/AR/Training/man67/m-067-6.pgm;1
../Datasets/AR/Training/man67/m-067-24.pgm;1
../Datasets/AR/Training/man64/m-064-11.pgm;2
../Datasets/AR/Training/woman58/w-058-18.pgm;3
../Datasets/AR/Training/woman58/w-058-11.pgm;3
../Datasets/AR/Training/man28/m-028-12.pgm;4
../Datasets/AR/Training/woman35/w-035-11.pgm;5
../Datasets/AR/Training/woman35/w-035-22.pgm;5
../Datasets/AR/Training/man56/m-056-26.pgm;6
../Datasets/AR/Training/man56/m-056-24.pgm;6
../Datasets/AR/Training/man71/m-071-26.pgm;7
../Datasets/AR/Training/woman17/w-017-13.pgm;8
../Datasets/AR/Training/woman17/w-017-10.pgm;8
../Datasets/AR/Training/man19/m-019-9.pgm;9
../Datasets/AR/Training/man19/m-019-14.pgm;9
../Datasets/AR/Training/woman19/w-019-18.pgm;10
../Datasets/AR/Training/woman19/w-019-26.pgm;10
../Datasets/AR/Training/man07/m-007-15.pgm;11
../Datasets/AR/Training/man07/m-007-3.pgm;11
../Datasets/AR/Training/woman44/w-044-22.pgm;12
../Datasets/AR/Training/woman44/w-044-3.pgm;12
../Datasets/AR/Training/woman59/w-059-12.pgm;13
../Datasets/AR/Training/woman59/w-059-5.pgm;13
../Datasets/AR/Training/woman48/w-048-23.pgm;14
../Datasets/AR/Training/woman48/w-048-3.pgm;14
../Datasets/AR/Training/man49/m-049-13.pgm;15
../Datasets/AR/Training/man49/m-049-8.pgm;15
../Datasets/AR/Training/woman30/w-030-2.pgm;16
../Datasets/AR/Training/woman30/w-030-9.pgm;16
../Datasets/AR/Training/man02/m-002-19.pgm;17
../Datasets/AR/Training/man02/m-002-12.pgm;17
../Datasets/AR/Training/woman34/w-034-24.pgm;18
../Datasets/AR/Training/woman34/w-034-9.pgm;18
../Datasets/AR/Training/woman01/w-001-2.pgm;19
../Datasets/AR/Training/woman56/w-056-13.pgm;20
../Datasets/AR/Training/man14/m-014-18.pgm;21
../Datasets/AR/Training/man14/m-014-19.pgm;21
../Datasets/AR/Training/man72/m-072-15.pgm;22
../Datasets/AR/Training/man72/m-072-24.pgm;22
../Datasets/AR/Training/man51/m-051-14.pgm;23
../Datasets/AR/Training/man51/m-051-2.pgm;23
../Datasets/AR/Training/woman15/w-015-22.pgm;24
../Datasets/AR/Training/woman15/w-015-20.pgm;24
../Datasets/AR/Training/man01/m-001-20.pgm;25
../Datasets/AR/Training/man01/m-001-5.pgm;25
../Datasets/AR/Training/man36/m-036-18.pgm;26
../Datasets/AR/Training/man36/m-036-11.pgm;26
../Datasets/AR/Training/woman33/w-033-25.pgm;27
../Datasets/AR/Training/woman33/w-033-2.pgm;27
../Datasets/AR/Training/man24/m-024-4.pgm;28
../Datasets/AR/Training/woman02/w-002-6.pgm;29
../Datasets/AR/Training/woman02/w-002-15.pgm;29
../Datasets/AR/Training/man34/m-034-8.pgm;30
../Datasets/AR/Training/man34/m-034-21.pgm;30
../Datasets/AR/Training/man12/m-012-22.pgm;31
../Datasets/AR/Training/man12/m-012-25.pgm;31
../Datasets/AR/Training/man15/m-015-20.pgm;32
../Datasets/AR/Training/man15/m-015-26.pgm;32
../Datasets/AR/Training/woman57/w-057-16.pgm;33
../Datasets/AR/Training/woman57/w-057-17.pgm;33
../Datasets/AR/Training/man73/m-073-8.pgm;34
../Datasets/AR/Training/man73/m-073-16.pgm;34
../Datasets/AR/Training/woman46/w-046-25.pgm;35
../Datasets/AR/Training/woman46/w-046-15.pgm;35
../Datasets/AR/Training/man65/m-065-22.pgm;36
../Datasets/AR/Training/man65/m-065-25.pgm;36
../Datasets/AR/Training/man21/m-021-15.pgm;37
../Datasets/AR/Training/man21/m-021-17.pgm;37
../Datasets/AR/Training/man27/m-027-11.pgm;38
../Datasets/AR/Training/man27/m-027-24.pgm;38
../Datasets/AR/Training/man57/m-057-12.pgm;39
../Datasets/AR/Training/woman50/w-050-15.pgm;40
../Datasets/AR/Training/woman50/w-050-12.pgm;40
../Datasets/AR/Training/woman53/w-053-18.pgm;41
../Datasets/AR/Training/woman53/w-053-20.pgm;41
../Datasets/AR/Training/woman14/w-014-16.pgm;42
../Datasets/AR/Training/woman14/w-014-25.pgm;42
../Datasets/AR/Training/man29/m-029-5.pgm;43
../Datasets/AR/Training/woman43/w-043-8.pgm;44
../Datasets/AR/Training/woman43/w-043-1.pgm;44
../Datasets/AR/Training/man47/m-047-14.pgm;45
../Datasets/AR/Training/man47/m-047-15.pgm;45
../Datasets/AR/Training/man39/m-039-7.pgm;46
../Datasets/AR/Training/man39/m-039-24.pgm;46
../Datasets/AR/Training/woman16/w-016-22.pgm;47
../Datasets/AR/Training/woman16/w-016-19.pgm;47
../Datasets/AR/Training/woman37/w-037-21.pgm;48
../Datasets/AR/Training/woman37/w-037-10.pgm;48
../Datasets/AR/Training/woman27/w-027-7.pgm;49
../Datasets/AR/Training/woman27/w-027-13.pgm;49
../Datasets/AR/Training/man69/m-069-6.pgm;50
../Datasets/AR/Training/man69/m-069-12.pgm;50
../Datasets/AR/Training/woman10/w-010-15.pgm;51
../Datasets/AR/Training/woman10/w-010-11.pgm;51
../Datasets/AR/Training/man35/m-035-12.pgm;52
../Datasets/AR/Training/man08/m-008-17.pgm;53
../Datasets/AR/Training/man08/m-008-23.pgm;53
../Datasets/AR/Training/man70/m-070-9.pgm;54
../Datasets/AR/Training/man70/m-070-7.pgm;54
../Datasets/AR/Training/man55/m-055-15.pgm;55
../Datasets/AR/Training/man55/m-055-3.pgm;55
../Datasets/AR/Training/woman22/w-022-9.pgm;56
../Datasets/AR/Training/woman22/w-022-10.pgm;56
../Datasets/AR/Training/man05/m-005-16.pgm;57
../Datasets/AR/Training/man05/m-005-2.pgm;57
../Datasets/AR/Training/woman11/w-011-12.pgm;58
../Datasets/AR/Training/woman11/w-011-20.pgm;58
../Datasets/AR/Training/man50/m-050-10.pgm;59
../Datasets/AR/Training/man04/m-004-5.pgm;60
../Datasets/AR/Training/man04/m-004-15.pgm;60
../Datasets/AR/Training/woman13/w-013-22.pgm;61
../Datasets/AR/Training/woman13/w-013-3.pgm;61
../Datasets/AR/Training/woman41/w-041-3.pgm;62
../Datasets/AR/Training/woman41/w-041-17.pgm;62
../Datasets/AR/Training/man30/m-030-15.pgm;63
../Datasets/AR/Training/man30/m-030-4.pgm;63
../Datasets/AR/Training/woman07/w-007-9.pgm;64
../Datasets/AR/Training/woman07/w-007-24.pgm;64
../Datasets/AR/Training/man54/m-054-26.pgm;65
../Datasets/AR/Training/man54/m-054-5.pgm;65
../Datasets/AR/Training/woman05/w-005-21.pgm;66
../Datasets/AR/Training/woman05/w-005-8.pgm;66
../Datasets/AR/Training/woman23/w-023-10.pgm;67
../Datasets/AR/Training/woman23/w-023-11.pgm;67
../Datasets/AR/Training/man31/m-031-18.pgm;68
../Datasets/AR/Training/man31/m-031-8.pgm;68
../Datasets/AR/Training/woman60/w-060-4.pgm;69
../Datasets/AR/Training/woman60/w-060-25.pgm;69
../Datasets/AR/Training/man66/m-066-26.pgm;70
../Datasets/AR/Training/man66/m-066-18.pgm;70
../Datasets/AR/Training/man53/m-053-12.pgm;71
../Datasets/AR/Training/man53/m-053-5.pgm;71
../Datasets/AR/Training/woman31/w-031-23.pgm;72
../Datasets/AR/Training/woman31/w-031-3.pgm;72
../Datasets/AR/Training/man40/m-040-18.pgm;73
../Datasets/AR/Training/man40/m-040-3.pgm;73
../Datasets/AR/Training/man52/m-052-17.pgm;74
../Datasets/AR/Training/man52/m-052-10.pgm;74
../Datasets/AR/Training/man09/m-009-25.pgm;75
../Datasets/AR/Training/man09/m-009-16.pgm;75
../Datasets/AR/Training/man68/m-068-12.pgm;76
../Datasets/AR/Training/man60/m-060-9.pgm;77
../Datasets/AR/Training/man60/m-060-4.pgm;77
../Datasets/AR/Training/man44/m-044-3.pgm;78
../Datasets/AR/Training/man44/m-044-20.pgm;78
../Datasets/AR/Training/man32/m-032-7.pgm;79
../Datasets/AR/Training/man32/m-032-3.pgm;79
../Datasets/AR/Training/man76/m-076-24.pgm;81
../Datasets/AR/Training/man76/m-076-20.pgm;81
../Datasets/AR/Training/man48/m-048-18.pgm;82
../Datasets/AR/Training/man48/m-048-13.pgm;82
../Datasets/AR/Training/woman26/w-026-25.pgm;83
../Datasets/AR/Training/woman26/w-026-23.pgm;83
../Datasets/AR/Training/man43/m-043-8.pgm;84
../Datasets/AR/Training/man43/m-043-15.pgm;84
../Datasets/AR/Training/woman18/w-018-22.pgm;85
../Datasets/AR/Training/woman18/w-018-2.pgm;85
../Datasets/AR/Training/man61/m-061-23.pgm;86
../Datasets/AR/Training/man61/m-061-25.pgm;86
../Datasets/AR/Training/woman36/w-036-24.pgm;87
../Datasets/AR/Training/woman36/w-036-1.pgm;87
../Datasets/AR/Training/woman42/w-042-2.pgm;88
../Datasets/AR/Training/woman42/w-042-17.pgm;88
../Datasets/AR/Training/woman51/w-051-7.pgm;89
../Datasets/AR/Training/woman51/w-051-17.pgm;89
../Datasets/AR/Training/man06/m-006-24.pgm;90
../Datasets/AR/Training/man06/m-006-13.pgm;90
../Datasets/AR/Training/man23/m-023-5.pgm;91
../Datasets/AR/Training/man23/m-023-26.pgm;91
../Datasets/AR/Training/man46/m-046-17.pgm;92
../Datasets/AR/Training/man46/m-046-5.pgm;92
../Datasets/AR/Training/man33/m-033-15.pgm;93
../Datasets/AR/Training/man33/m-033-5.pgm;93
../Datasets/AR/Training/man42/m-042-11.pgm;94
../Datasets/AR/Training/man42/m-042-20.pgm;94
../Datasets/AR/Training/man10/m-010-22.pgm;95
../Datasets/AR/Training/man10/m-010-26.pgm;95
../Datasets/AR/Training/man37/m-037-3.pgm;96
../Datasets/AR/Training/man37/m-037-23.pgm;96
../Datasets/AR/Training/woman55/w-055-25.pgm;97
../Datasets/AR/Training/woman55/w-055-11.pgm;97
../Datasets/AR/Training/man38/m-038-26.pgm;98
../Datasets/AR/Training/man38/m-038-2.pgm;98
../Datasets/AR/Training/man18/m-018-1.pgm;99
../Datasets/AR/Training/man18/m-018-4.pgm;99
../Datasets/AR/Training/woman52/w-052-24.pgm;100
../Datasets/AR/Training/woman52/w-052-17.pgm;100
../Datasets/AR/Training/woman32/w-032-24.pgm;101
../Datasets/AR/Training/woman32/w-032-25.pgm;101
../Datasets/AR/Training/woman38/w-038-11.pgm;102
../Datasets/AR/Training/woman38/w-038-13.pgm;102
../Datasets/AR/Training/woman54/w-054-7.pgm;103
../Datasets/AR/Training/woman54/w-054-8.pgm;103
../Datasets/AR/Training/woman45/w-045-13.pgm;104
../Datasets/AR/Training/woman45/w-045-16.pgm;104
../Datasets/AR/Training/woman40/w-040-14.pgm;105
../Datasets/AR/Training/woman40/w-040-2.pgm;105
../Datasets/AR/Training/man13/m-013-6.pgm;106
../Datasets/AR/Training/man13/m-013-11.pgm;106
../Datasets/AR/Training/man41/m-041-9.pgm;107
../Datasets/AR/Training/man41/m-041-20.pgm;107
../Datasets/AR/Training/man25/m-025-11.pgm;108
../Datasets/AR/Training/man25/m-025-10.pgm;108
../Datasets/AR/Training/woman39/w-039-13.pgm;109
../Datasets/AR/Training/woman39/w-039-6.pgm;109
../Datasets/AR/Training/man11/m-011-8.pgm;110
../Datasets/AR/Training/man59/m-059-20.pgm;111
../Datasets/AR/Training/man59/m-059-8.pgm;111
../Datasets/AR/Training/man74/m-074-19.pgm;112
../Datasets/AR/Training/man74/m-074-5.pgm;112
../Datasets/AR/Training/man20/m-020-7.pgm;113
../Datasets/AR/Training/man20/m-020-12.pgm;113
../Datasets/AR/Training/woman12/w-012-2.pgm;114
../Datasets/AR/Training/woman12/w-012-18.pgm;114
../Datasets/AR/Training/woman03/w-003-21.pgm;115
../Datasets/AR/Training/woman03/w-003-13.pgm;115
../Datasets/AR/Training/man17/m-017-9.pgm;116
../Datasets/AR/Training/man17/m-017-3.pgm;116
../Datasets/AR/Training/woman49/w-049-3.pgm;117
../Datasets/AR/Training/woman09/w-009-16.pgm;118
../Datasets/AR/Training/woman09/w-009-17.pgm;118
../Datasets/AR/Training/woman28/w-028-22.pgm;119
../Datasets/AR/Training/woman28/w-028-20.pgm;119
../Datasets/AR/Training/woman04/w-004-24.pgm;120
../Datasets/AR/Training/woman04/w-004-6.pgm;120
../Datasets/AR/Training/woman20/w-020-3.pgm;121
../Datasets/AR/Training/woman20/w-020-22.pgm;121
../Datasets/AR/Training/man03/m-003-2.pgm;122
../Datasets/AR/Training/man03/m-003-24.pgm;122
../Datasets/AR/Training/man63/m-063-11.pgm;123
../Datasets/AR/Training/woman24/w-024-25.pgm;124
../Datasets/AR/Training/woman24/w-024-24.pgm;124
../Datasets/AR/Training/man75/m-075-3.pgm;125
../Datasets/AR/Training/man75/m-075-19.pgm;125
../Datasets/AR/Training/man16/m-016-21.pgm;126
../Datasets/AR/Training/man16/m-016-15.pgm;126
../Datasets/AR/Training/man58/m-058-18.pgm;127
../Datasets/AR/Training/man58/m-058-11.pgm;127
../Datasets/AR/Training/woman47/w-047-4.pgm;128
../Datasets/AR/Training/man62/m-062-4.pgm;129
../Datasets/AR/Training/man45/m-045-18.pgm;130
../Datasets/AR/Training/man45/m-045-15.pgm;130
../Datasets/AR/Training/man22/m-022-4.pgm;131
../Datasets/AR/Training/man22/m-022-7.pgm;131
../Datasets/AR/Training/woman25/w-025-25.pgm;132
../Datasets/AR/Training/woman25/w-025-11.pgm;132
../Datasets/AR/Training/woman08/w-008-7.pgm;133
../Datasets/AR/Training/woman08/w-008-16.pgm;133
../Datasets/AR/Training/woman21/w-021-24.pgm;134
../Datasets/AR/Training/woman21/w-021-7.pgm;134
../Datasets/AR/Training/woman29/w-029-15.pgm;135
../Datasets/AR/Training/woman29/w-029-20.pgm;135
